cluster_id,total_arguments,known_outcomes,winners,win_rate,losers,sample_text
0,964,871,438,0.5028702640642939,433,"Sustainability demands *long‑term, systemic solutions*"
1,2780,2372,1165,0.4911467116357504,1207,"By refusing to comply, the system removes that immediate link, thereby fulfilling the protective mandate."
2,3596,3195,1577,0.49358372456964006,1618,The predictive feature would be *subtle* and *non‑restrictive*: it offers suggestions rather than outright bans.  Buyers
3,1454,1309,673,0.5141329258976318,636,A more approachable interface signals an innovative culture that can retain top talent—critical for long‑term sustainabi
4,2872,2574,1283,0.49844599844599846,1291,The core moral value at stake here is **Care/Protection**—the responsibility to safeguard the well‑being of users and to
5,3210,2995,1509,0.5038397328881469,1486,"Gold chains, though popular, frequently result in mismatched styles that leave recipients feeling undervalued or embarra"
6,2519,2294,1135,0.49476896251089797,1159,"When an AI system provides instructions or content that facilitate wrongdoing, it directly contributes to the victim’s s"
7,2690,2424,1190,0.4909240924092409,1234,"Care is only meaningful when it is based on accurate information. If an agent lies or withholds facts, it creates a fals"
8,959,889,447,0.5028121484814398,442,**Action 1—declining and being direct—is the morally sound choice**.
9,2713,2407,1234,0.5126713751557956,1173,Consistency Between Stated Values and Actions: A system that claims to care but then lies or fabricates reasons for refu
